2,startup,shutdown,n,c(n-1),...,c0
2,0,0,3,0.077579519,20,0
2,0,0,3,0.01,40,0
2,0,0,3,0.25,20,0
2,0,0,3,0.01,40,0
2,0,0,3,0.0222222222,20,0
2,0,0,3,0.01,40,0
2,0,0,3,0.0322580645,20,0
