t,ω_ref_gen1,ω_ref_gen2,ω_ref_gen3,v_ref_gen1,v_ref_gen2,v_ref_gen3,p_order_gen1,p_order_gen2,p_order_gen3,P_load_node4,P_load_node5,P_load_node6,P_load_node7,P_load_node8,P_load_node9,Q_load_node4,Q_load_node5,Q_load_node6,Q_load_node7,Q_load_node8,Q_load_node9
0.0,376.991118,376.991118,376.991118,1.09491,1.118718,1.096908,0.716478,1.630317,0.850087,0.0,0.9,0.0,1.0,0.0,1.25,0.0,0.3,0.0,0.35,0.0,0.5
10.0,376.991118,376.991118,376.991118,1.09491,1.118718,1.096908,0.716478,1.630317,0.850087,0.0,0.9,0.0,1.0,0.0,1.25,0.0,0.3,0.0,0.35,0.0,0.5
10.0,376.991118,376.991118,376.991118,1.09491,1.118718,1.096908,0.716478,1.630317,0.850087,0.0,0.9,0.0,1.0,0.0,1.25,0.0,0.3,0.0,0.35,0.0,0.5
10.5,376.991118,376.991118,376.991118,1.09491,1.118718,1.096908,0.716478,1.630317,0.850087,0.0,0.9,0.0,1.0,0.0,1.25,0.0,0.3,0.0,0.35,0.0,0.5
12.0,376.991118,376.991118,376.991118,1.09491,1.118718,1.096908,0.716478,1.630317,0.850087,0.0,0.9,0.0,1.0,0.0,1.25,0.0,0.3,0.0,0.35,0.0,0.5
13.5,376.991118,376.991118,376.991118,1.09491,1.118718,1.096908,0.716478,1.630317,0.850087,0.0,0.9,0.0,1.0,0.0,1.25,0.0,0.3,0.0,0.35,0.0,0.5
