t,ω_ref_gen1,ω_ref_gen2,ω_ref_gen3,ω_ref_gen6,ω_ref_gen8,v_ref_gen1,v_ref_gen2,v_ref_gen3,v_ref_gen6,v_ref_gen8,p_order_gen1,p_order_gen2,p_order_gen3,p_order_gen6,p_order_gen8,P_load_node4,P_load_node5,P_load_node7,P_load_node9,P_load_node10,P_load_node11,P_load_node12,P_load_node13,P_load_node14,Q_load_node4,Q_load_node5,Q_load_node7,Q_load_node9,Q_load_node10,Q_load_node11,Q_load_node12,Q_load_node13,Q_load_node14,Pg_load_node2,Pg_load_node3,Pg_load_node6,Qg_load_node2,Qg_load_node3,Qg_load_node6
0.0,376.991118,376.991118,376.991118,376.991118,376.991118,5.439893,1.39938,1.259208,1.28706,1.32526,2.324537,0.40004,0.0,0.0,0.0,0.478,0.076,0.0,0.295,0.09,0.035,0.061,0.135,0.149,-0.039,0.016,0.0,0.166,0.058,0.018,0.016,0.058,0.05,0.217,0.942,0.112,0.127,0.19,0.075
2.711033,376.991118,376.991118,376.991118,376.991118,376.991118,5.439893,1.39938,1.259208,1.28706,1.32526,2.324537,0.40004,0.0,0.0,0.0,0.478,0.076,0.0,0.295,0.09,0.035,0.061,0.135,0.149,-0.039,0.016,0.0,0.166,0.058,0.018,0.016,0.058,0.05,0.217,0.942,0.112,0.127,0.19,0.075
2.711033,376.991118,376.991118,376.991118,376.991118,376.991118,5.439893,1.39938,1.259208,1.28706,1.32526,2.324537,0.40004,0.0,0.0,0.0,0.478,0.0836,0.0,0.295,0.09,0.035,0.061,0.135,0.149,-0.039,0.016,0.0,0.166,0.058,0.018,0.016,0.058,0.05,0.217,0.942,0.112,0.127,0.19,0.075
2.711033,376.991118,376.991118,376.991118,376.991118,376.991118,5.439893,1.39938,1.259208,1.28706,1.32526,2.324537,0.40004,0.0,0.0,0.0,0.478,0.076,0.0,0.295,0.09,0.035,0.061,0.135,0.149,-0.039,0.016,0.0,0.166,0.058,0.018,0.016,0.058,0.05,0.217,0.942,0.112,0.127,0.19,0.075
2.711033,376.991118,376.991118,376.991118,376.991118,376.991118,5.439893,1.39938,1.259208,1.28706,1.32526,2.324537,0.40004,0.0,0.0,0.0,0.478,0.076,0.0,0.295,0.09,0.035,0.061,0.135,0.149,-0.039,0.016,0.0,0.166,0.058,0.018,0.016,0.058,0.05,0.217,0.942,0.112,0.127,0.19,0.075
2.711033,376.991118,376.991118,376.991118,376.991118,376.991118,5.439893,1.39938,1.259208,1.28706,1.32526,2.324537,0.40004,0.0,0.0,0.0,0.478,0.076,0.0,0.295,0.09,0.035,0.061,0.135,0.149,-0.039,0.016,0.0,0.166,0.058,0.018,0.016,0.058,0.05,0.217,0.942,0.112,0.127,0.19,0.075
